feature_idx,min_val,max_val
0,10.46352437327118,41.23685144116984
1,0.0,21.313044657506442
2,0.0,20.43485114764669
3,10.46352437327118,31.998557812522243
4,5.930737337562887,10.564149489985732
