label,w0,w1,w2,w3,w4,w5,bias
0,-0.9685898405687832,17.677033771592857,-14.983261574535744,4.126707969798716,5.9597570935911,3.136222132141667,-0.5413348857634165
