,feature_index,data_min,data_max,scale,min_
0,0,0.0,36.804228325274515,0.0271707911156847,0.0
1,1,1.0,15.31942515963842,0.06983520559321468,-0.06983520559321468
2,2,0.0,19.798675880728418,0.050508428241576364,0.0
3,3,0.0,11.802112418586066,0.0847305943659028,0.0
4,4,0.0,11.51224664282918,0.08686401803447169,0.0
5,5,0.0,32.26429775867548,0.03099401101116828,0.0
